musteri_id,persona,klasik_skor,alternatif_skor,skor_farki,toplam_gelir_hacmi,toplam_gider_hacmi,gelir_islem_sayisi,gelir_kaynagi_sayisi,gelir_duzenliligi,gider_gelir_orani,bakiye_trendi,fatura_odeme_duzeni,hesap_hareket_yogunlugu
1,klasik_maasli,812,441,-371,112920.0,158390.0,6,1,1.0,1.403,-3.393,0.5,0.285
2,dusuk_hacim_riskli,505,300,-205,5924.0,11835.0,3,1,0.129,1.998,-39.772,0.833,0.284
3,ogrenci_yuksek_hacim,665,462,-203,155597.0,232170.0,28,4,0.409,1.492,-21.024,0.667,0.417
4,stajyer_degisken_gelir,623,327,-296,83363.0,137657.0,10,2,0.294,1.651,-12.746,0.667,0.309
5,klasik_maasli,824,467,-357,124271.0,175737.0,6,1,1.0,1.414,-3.465,0.833,0.288
6,klasik_maasli,850,490,-360,170386.0,234400.0,6,1,1.0,1.376,-3.27,0.667,0.297
7,stajyer_degisken_gelir,614,300,-314,74086.0,148823.0,9,2,0.439,2.009,-24.933,1.0,0.302
8,ogrenci_yuksek_hacim,670,462,-208,160070.0,239065.0,29,4,0.324,1.494,-26.756,0.833,0.42
9,dusuk_hacim_riskli,501,300,-201,1497.0,3439.0,1,1,0.0,2.297,-37.098,0.667,0.277
10,klasik_maasli,813,483,-330,113204.0,139917.0,6,1,1.0,1.236,-2.408,0.833,0.298
11,stajyer_degisken_gelir,630,313,-317,90955.0,169955.0,11,2,0.237,1.869,-25.798,1.0,0.322
12,klasik_maasli,825,455,-370,125603.0,188786.0,6,1,1.0,1.503,-4.02,0.833,0.302
13,ogrenci_yuksek_hacim,649,532,-117,139587.0,162107.0,29,4,0.548,1.161,-8.738,1.0,0.413
14,stajyer_degisken_gelir,621,300,-321,81913.0,143507.0,12,2,0.182,1.752,-19.436,0.667,0.32
15,stajyer_degisken_gelir,649,327,-322,109782.0,175766.0,14,2,0.108,1.601,-10.945,0.333,0.341
16,stajyer_degisken_gelir,647,340,-307,107104.0,174159.0,13,2,0.222,1.626,-14.497,0.5,0.331
17,ogrenci_yuksek_hacim,630,387,-243,120083.0,208508.0,30,4,0.317,1.736,-18.831,0.667,0.424
18,dusuk_hacim_riskli,505,300,-205,5780.0,10253.0,4,1,0.663,1.774,-17.642,0.333,0.277
19,klasik_maasli,843,443,-400,143814.0,237455.0,6,1,1.0,1.651,-4.894,0.667,0.287
20,klasik_maasli,833,454,-379,133784.0,201706.0,6,1,1.0,1.508,-4.039,0.667,0.287
21,ogrenci_yuksek_hacim,625,469,-156,115616.0,139147.0,26,4,0.226,1.204,-9.17,1.0,0.403
22,stajyer_degisken_gelir,613,347,-266,73131.0,113362.0,9,2,0.357,1.55,-9.891,0.833,0.312
23,stajyer_degisken_gelir,608,396,-212,68911.0,101834.0,9,2,0.698,1.478,-5.557,1.0,0.309
24,klasik_maasli,844,497,-347,144854.0,203805.0,6,1,1.0,1.407,-14.135,1.0,0.29
25,ogrenci_yuksek_hacim,644,449,-195,134325.0,180854.0,29,4,0.132,1.346,-24.171,0.833,0.418
26,ogrenci_yuksek_hacim,666,438,-228,156809.0,255277.0,27,4,0.37,1.628,-27.3,0.667,0.411
27,ogrenci_yuksek_hacim,611,427,-184,101652.0,148472.0,28,4,0.493,1.461,-9.997,0.667,0.408
28,stajyer_degisken_gelir,627,337,-290,87941.0,141710.0,11,2,0.369,1.611,-10.179,0.5,0.313
29,ogrenci_yuksek_hacim,668,435,-233,158228.0,268443.0,30,4,0.441,1.697,-29.799,0.667,0.431
30,ogrenci_yuksek_hacim,625,411,-214,115146.0,157473.0,28,4,0.14,1.368,-7.084,0.5,0.429
31,stajyer_degisken_gelir,612,376,-236,72247.0,102679.0,9,2,0.378,1.421,-9.534,1.0,0.321
32,ogrenci_yuksek_hacim,625,410,-215,115975.0,172884.0,27,4,0.14,1.491,-12.387,0.833,0.404
33,ogrenci_yuksek_hacim,626,389,-237,116526.0,180488.0,27,4,0.185,1.549,-13.439,0.5,0.409
34,stajyer_degisken_gelir,622,337,-285,82449.0,132929.0,10,2,0.425,1.612,-11.633,0.5,0.314
35,stajyer_degisken_gelir,636,373,-263,96347.0,140811.0,11,2,0.336,1.461,-14.322,0.667,0.327
36,klasik_maasli,850,447,-403,176332.0,293131.0,6,1,1.0,1.662,-22.069,0.667,0.283
37,ogrenci_yuksek_hacim,632,435,-197,122519.0,188903.0,29,4,0.402,1.542,-17.759,0.833,0.416
38,ogrenci_yuksek_hacim,637,443,-194,127369.0,190492.0,27,4,0.278,1.496,-15.797,1.0,0.414
39,dusuk_hacim_riskli,508,300,-208,8004.0,18500.0,4,1,0.406,2.311,-18.768,1.0,0.277
40,dusuk_hacim_riskli,504,300,-204,4755.0,11411.0,3,1,0.424,2.4,-22.946,0.333,0.281
41,ogrenci_yuksek_hacim,656,481,-175,146626.0,189259.0,30,4,0.328,1.291,-11.532,0.667,0.421
42,klasik_maasli,850,476,-374,182461.0,257541.0,6,1,1.0,1.411,-3.471,0.5,0.285
43,dusuk_hacim_riskli,506,300,-206,6941.0,13771.0,3,1,0.088,1.984,-40.908,0.5,0.282
44,dusuk_hacim_riskli,504,300,-204,4622.0,10397.0,3,1,0.967,2.249,-15.646,0.5,0.273
45,ogrenci_yuksek_hacim,652,470,-182,142412.0,192186.0,30,4,0.261,1.35,-18.27,0.833,0.424
46,klasik_maasli,850,459,-391,199021.0,292488.0,6,1,1.0,1.47,-15.775,0.333,0.285
47,dusuk_hacim_riskli,504,300,-204,4671.0,11212.0,4,1,0.422,2.4,-32.378,1.0,0.28
48,ogrenci_yuksek_hacim,634,440,-194,124102.0,186993.0,27,4,0.301,1.507,-18.771,1.0,0.4
49,ogrenci_yuksek_hacim,593,427,-166,83257.0,96281.0,27,4,0.136,1.156,-5.974,0.833,0.404
50,stajyer_degisken_gelir,644,354,-290,104184.0,148775.0,14,2,0.177,1.428,-4.365,0.333,0.347
51,klasik_maasli,850,438,-412,188428.0,324968.0,6,1,1.0,1.725,-5.347,0.667,0.285
52,klasik_maasli,844,503,-341,144072.0,195807.0,6,1,1.0,1.359,-3.143,1.0,0.288
53,dusuk_hacim_riskli,504,300,-204,4537.0,8691.0,3,1,0.646,1.916,-14.164,1.0,0.276
54,ogrenci_yuksek_hacim,647,414,-233,137393.0,191107.0,25,4,0.154,1.391,-21.877,0.167,0.393
55,ogrenci_yuksek_hacim,645,405,-240,135484.0,258566.0,27,4,0.443,1.908,-16.546,1.0,0.402
56,klasik_maasli,850,454,-396,167157.0,279029.0,6,1,1.0,1.669,-5.035,0.833,0.29
57,klasik_maasli,850,496,-354,196408.0,284028.0,6,1,1.0,1.446,-6.925,1.0,0.291
58,dusuk_hacim_riskli,503,300,-203,3276.0,6430.0,2,1,0.0,1.963,-21.376,0.5,0.263
59,klasik_maasli,850,490,-360,152076.0,217917.0,6,1,1.0,1.433,-9.555,0.833,0.287
60,ogrenci_yuksek_hacim,633,503,-130,123047.0,155566.0,27,4,0.655,1.264,-11.894,0.833,0.416
61,ogrenci_yuksek_hacim,625,472,-153,115153.0,142073.0,26,4,0.387,1.234,-5.968,0.833,0.399
62,klasik_maasli,826,453,-373,126502.0,199780.0,6,1,1.0,1.579,-4.468,1.0,0.287
63,ogrenci_yuksek_hacim,668,503,-165,158678.0,198183.0,29,4,0.281,1.249,-18.997,1.0,0.423
64,klasik_maasli,850,497,-353,180692.0,249718.0,6,1,1.0,1.382,-7.144,0.833,0.283
65,stajyer_degisken_gelir,636,325,-311,96848.0,179514.0,14,2,0.267,1.854,-14.659,1.0,0.335
66,stajyer_degisken_gelir,613,338,-275,73881.0,123743.0,13,2,0.356,1.675,-5.413,1.0,0.328
67,klasik_maasli,836,432,-404,136206.0,234833.0,6,1,1.0,1.724,-5.332,0.833,0.285
68,stajyer_degisken_gelir,645,385,-260,105302.0,163376.0,12,2,0.335,1.551,-5.493,1.0,0.326
69,ogrenci_yuksek_hacim,610,405,-205,100698.0,148897.0,28,4,0.226,1.479,-13.571,0.833,0.412
70,stajyer_degisken_gelir,626,385,-241,86774.0,123414.0,10,2,0.322,1.422,-10.372,1.0,0.312
71,stajyer_degisken_gelir,624,344,-280,84948.0,138675.0,11,2,0.335,1.632,-21.152,0.833,0.311
72,klasik_maasli,815,404,-411,115083.0,203896.0,6,1,1.0,1.772,-5.632,0.833,0.293
73,ogrenci_yuksek_hacim,648,443,-205,138579.0,200142.0,30,4,0.42,1.444,-7.972,0.333,0.417
74,dusuk_hacim_riskli,504,300,-204,4214.0,9552.0,2,1,0.0,2.267,-23.491,0.667,0.272
75,klasik_maasli,850,471,-379,169316.0,245253.0,6,1,1.0,1.448,-3.703,0.5,0.29
76,ogrenci_yuksek_hacim,615,435,-180,105054.0,130789.0,28,4,0.297,1.245,-12.164,0.5,0.406
77,stajyer_degisken_gelir,631,342,-289,91724.0,145842.0,10,2,0.346,1.59,-7.074,0.5,0.309
78,ogrenci_yuksek_hacim,666,453,-213,156159.0,233754.0,28,4,0.155,1.497,-11.062,1.0,0.406
79,stajyer_degisken_gelir,637,387,-250,97930.0,137141.0,11,2,0.368,1.4,-4.713,0.667,0.316
80,ogrenci_yuksek_hacim,596,365,-231,86981.0,129381.0,25,4,0.401,1.487,-14.851,0.0,0.395
81,stajyer_degisken_gelir,644,300,-344,104858.0,193300.0,12,2,0.172,1.843,-15.635,0.0,0.343
82,stajyer_degisken_gelir,626,338,-288,86174.0,153400.0,10,2,0.399,1.78,-16.88,1.0,0.307
83,klasik_maasli,850,441,-409,166076.0,282585.0,6,1,1.0,1.702,-5.233,0.667,0.291
84,stajyer_degisken_gelir,637,341,-296,97958.0,164110.0,13,2,0.319,1.675,-6.416,0.667,0.33
85,stajyer_degisken_gelir,637,324,-313,97984.0,162173.0,14,2,0.11,1.655,-10.57,0.667,0.331
86,dusuk_hacim_riskli,504,300,-204,4346.0,8897.0,3,1,0.684,2.047,-28.179,1.0,0.267
87,dusuk_hacim_riskli,503,300,-203,3975.0,8346.0,2,1,0.0,2.1,-36.368,1.0,0.264
88,ogrenci_yuksek_hacim,638,446,-192,128865.0,169884.0,26,4,0.281,1.318,-15.686,0.5,0.408
89,ogrenci_yuksek_hacim,672,472,-200,162696.0,240796.0,30,4,0.315,1.48,-27.492,1.0,0.429
90,klasik_maasli,839,491,-348,139259.0,195905.0,6,1,1.0,1.407,-3.448,1.0,0.288
91,stajyer_degisken_gelir,629,318,-311,89977.0,151861.0,10,2,0.267,1.688,-36.146,0.5,0.318
92,klasik_maasli,812,439,-373,112032.0,164331.0,6,1,1.0,1.467,-3.782,0.667,0.302
93,klasik_maasli,850,471,-379,172688.0,279112.0,6,1,1.0,1.616,-4.698,1.0,0.285
94,ogrenci_yuksek_hacim,617,459,-158,107357.0,142826.0,26,4,0.391,1.33,-7.52,1.0,0.406
95,dusuk_hacim_riskli,507,300,-207,7794.0,18299.0,4,1,0.273,2.348,-25.397,0.333,0.278
96,klasik_maasli,812,446,-366,112834.0,166291.0,6,1,1.0,1.474,-3.851,0.833,0.285
97,ogrenci_yuksek_hacim,663,479,-184,153967.0,208160.0,27,4,0.199,1.352,-25.105,1.0,0.404
98,stajyer_degisken_gelir,629,321,-308,89739.0,161948.0,11,2,0.399,1.805,-13.644,0.667,0.316
99,dusuk_hacim_riskli,505,300,-205,5088.0,11034.0,3,1,0.127,2.169,-47.35,1.0,0.27
100,ogrenci_yuksek_hacim,638,477,-161,128482.0,190091.0,29,4,0.582,1.48,-20.964,1.0,0.416
101,stajyer_degisken_gelir,619,300,-319,79517.0,144313.0,11,2,0.291,1.815,-31.078,0.5,0.313
102,klasik_maasli,821,424,-397,121121.0,203256.0,6,1,1.0,1.678,-5.056,0.833,0.29
103,klasik_maasli,850,531,-319,179554.0,218342.0,6,1,1.0,1.216,-2.288,1.0,0.287
104,klasik_maasli,815,420,-395,115626.0,186365.0,6,1,1.0,1.612,-4.681,0.667,0.288
105,klasik_maasli,850,506,-344,163371.0,225667.0,6,1,1.0,1.381,-3.276,1.0,0.288
106,stajyer_degisken_gelir,645,358,-287,105718.0,174840.0,11,2,0.376,1.654,-8.341,0.667,0.322
107,klasik_maasli,809,436,-373,109406.0,172830.0,6,1,1.0,1.58,-4.476,1.0,0.29
108,ogrenci_yuksek_hacim,633,421,-212,123331.0,192419.0,26,4,0.366,1.56,-19.048,0.667,0.399
109,ogrenci_yuksek_hacim,657,497,-160,147391.0,194808.0,30,4,0.351,1.322,-17.384,1.0,0.434
110,dusuk_hacim_riskli,502,300,-202,2032.0,3955.0,1,1,0.0,1.946,-36.725,0.5,0.284
111,stajyer_degisken_gelir,628,331,-297,88036.0,171328.0,12,2,0.555,1.946,-36.351,1.0,0.317
112,stajyer_degisken_gelir,630,375,-255,90673.0,131697.0,11,2,0.402,1.452,-29.055,0.667,0.313
113,klasik_maasli,850,512,-338,177406.0,228197.0,6,1,1.0,1.286,-2.724,0.833,0.29
114,stajyer_degisken_gelir,643,362,-281,103511.0,163941.0,14,2,0.247,1.584,-15.175,0.833,0.337
115,klasik_maasli,811,399,-412,111562.0,186417.0,6,1,1.0,1.671,-10.359,0.5,0.288
116,klasik_maasli,850,491,-359,166817.0,246926.0,6,1,1.0,1.48,-3.864,1.0,0.285
117,klasik_maasli,850,500,-350,207116.0,271056.0,6,1,1.0,1.309,-5.839,0.667,0.295
118,stajyer_degisken_gelir,635,310,-325,95943.0,160619.0,13,2,0.276,1.674,-6.98,0.167,0.33
119,klasik_maasli,850,479,-371,174544.0,253593.0,6,1,1.0,1.453,-3.728,0.667,0.288
120,klasik_maasli,818,432,-386,118986.0,185123.0,6,1,1.0,1.556,-13.661,0.667,0.287
121,ogrenci_yuksek_hacim,654,427,-227,144440.0,219604.0,29,4,0.149,1.52,-10.532,0.667,0.42
122,ogrenci_yuksek_hacim,627,430,-197,117917.0,160560.0,30,4,0.213,1.362,-13.729,0.667,0.424
123,stajyer_degisken_gelir,651,347,-304,111515.0,179051.0,14,2,0.136,1.606,-18.958,0.667,0.337
124,ogrenci_yuksek_hacim,639,462,-177,129204.0,177906.0,28,4,0.278,1.377,-12.719,1.0,0.415
125,klasik_maasli,847,478,-369,147763.0,229519.0,6,1,1.0,1.553,-4.32,1.0,0.291
126,ogrenci_yuksek_hacim,612,411,-201,102519.0,159001.0,28,4,0.295,1.551,-18.427,1.0,0.417
127,stajyer_degisken_gelir,630,340,-290,90845.0,141259.0,13,2,0.445,1.555,-21.151,0.167,0.331
128,klasik_maasli,850,429,-421,171581.0,306618.0,6,1,1.0,1.787,-5.724,0.667,0.291
129,stajyer_degisken_gelir,622,334,-288,82170.0,128042.0,10,2,0.154,1.558,-24.443,0.833,0.306
130,stajyer_degisken_gelir,643,328,-315,103692.0,182047.0,15,2,0.16,1.756,-43.698,0.833,0.337
131,dusuk_hacim_riskli,502,300,-202,2327.0,4734.0,1,1,0.0,2.034,-15.27,1.0,0.266
132,stajyer_degisken_gelir,645,378,-267,105640.0,175326.0,13,2,0.42,1.66,-11.604,1.0,0.33
133,ogrenci_yuksek_hacim,660,485,-175,150868.0,199841.0,28,4,0.222,1.325,-17.794,1.0,0.408
134,ogrenci_yuksek_hacim,660,430,-230,150120.0,231839.0,28,4,0.0,1.544,-25.68,1.0,0.406
135,ogrenci_yuksek_hacim,618,376,-242,108619.0,170114.0,30,4,0.069,1.566,-12.265,0.667,0.417
136,stajyer_degisken_gelir,607,346,-261,67307.0,104915.0,10,2,0.343,1.559,-13.112,1.0,0.307
137,stajyer_degisken_gelir,635,404,-231,95290.0,131529.0,10,2,0.529,1.38,-23.096,0.667,0.318
138,stajyer_degisken_gelir,634,357,-277,94439.0,161942.0,11,2,0.403,1.715,-11.895,1.0,0.326
139,ogrenci_yuksek_hacim,602,376,-226,92571.0,156448.0,26,4,0.255,1.69,-24.623,1.0,0.399
140,stajyer_degisken_gelir,623,300,-323,83397.0,156050.0,12,2,0.159,1.871,-5.833,0.833,0.328
141,dusuk_hacim_riskli,505,300,-205,5008.0,10290.0,4,1,0.0,2.055,-24.897,0.667,0.277
142,stajyer_degisken_gelir,633,334,-299,93324.0,159833.0,11,2,0.351,1.713,-11.051,0.667,0.326
143,stajyer_degisken_gelir,638,390,-248,98846.0,140706.0,14,2,0.246,1.423,-28.171,1.0,0.335
144,klasik_maasli,850,493,-357,175849.0,258248.0,6,1,1.0,1.469,-9.433,1.0,0.283
145,klasik_maasli,834,503,-331,134390.0,166708.0,6,1,1.0,1.24,-2.456,0.833,0.29
146,klasik_maasli,850,467,-383,162774.0,257568.0,6,1,1.0,1.582,-4.486,0.833,0.285
147,klasik_maasli,850,490,-360,156907.0,215589.0,6,1,1.0,1.374,-3.242,0.667,0.287
148,klasik_maasli,850,523,-327,189213.0,229718.0,6,1,1.0,1.214,-2.284,0.833,0.285
149,klasik_maasli,841,402,-439,141736.0,238544.0,6,1,1.0,1.683,-5.12,0.0,0.29
150,ogrenci_yuksek_hacim,668,458,-210,158617.0,217970.0,26,4,0.275,1.374,-20.202,0.5,0.408
151,stajyer_degisken_gelir,630,324,-306,90036.0,158025.0,12,2,0.43,1.755,-9.88,0.5,0.335
152,ogrenci_yuksek_hacim,604,410,-194,94914.0,128484.0,26,4,0.312,1.354,-23.274,0.5,0.403
153,ogrenci_yuksek_hacim,658,483,-175,148079.0,193740.0,29,4,0.192,1.308,-14.239,1.0,0.413
154,ogrenci_yuksek_hacim,666,517,-149,156214.0,210279.0,29,4,0.566,1.346,-22.881,1.0,0.42
155,klasik_maasli,838,448,-390,138034.0,232678.0,6,1,1.0,1.686,-19.077,1.0,0.285
156,dusuk_hacim_riskli,503,300,-203,3123.0,6649.0,2,1,0.0,2.129,-17.37,0.5,0.269
157,ogrenci_yuksek_hacim,649,408,-241,139764.0,251144.0,27,4,0.267,1.797,-15.32,1.0,0.402
158,ogrenci_yuksek_hacim,638,402,-236,128245.0,195344.0,28,4,0.072,1.523,-22.575,0.667,0.412
159,stajyer_degisken_gelir,630,314,-316,90932.0,175271.0,12,2,0.327,1.927,-22.952,1.0,0.326
160,stajyer_degisken_gelir,645,386,-259,105449.0,161639.0,10,2,0.484,1.533,-10.059,0.667,0.307
161,ogrenci_yuksek_hacim,657,450,-207,147241.0,202702.0,30,4,0.138,1.377,-8.966,0.667,0.419
162,klasik_maasli,823,500,-323,123594.0,147252.0,6,1,1.0,1.191,-2.141,0.833,0.288
163,dusuk_hacim_riskli,504,300,-204,4212.0,9348.0,2,1,0.0,2.219,-29.76,0.667,0.263
164,ogrenci_yuksek_hacim,661,459,-202,151592.0,205506.0,27,4,0.259,1.356,-19.394,0.5,0.407
165,stajyer_degisken_gelir,645,382,-263,105954.0,154218.0,13,2,0.239,1.456,-7.59,0.833,0.322
166,stajyer_degisken_gelir,619,354,-265,79238.0,121523.0,11,2,0.422,1.534,-18.806,0.667,0.313
167,klasik_maasli,837,460,-377,137343.0,189660.0,6,1,1.0,1.381,-10.033,0.333,0.288
168,stajyer_degisken_gelir,608,340,-268,68630.0,103888.0,9,2,0.281,1.514,-8.885,0.833,0.316
169,klasik_maasli,850,516,-334,156049.0,205207.0,6,1,1.0,1.315,-13.82,1.0,0.283
170,dusuk_hacim_riskli,503,300,-203,3199.0,5684.0,2,1,0.0,1.777,-15.143,0.833,0.27
171,dusuk_hacim_riskli,505,300,-205,5357.0,11991.0,4,1,0.308,2.238,-20.898,0.667,0.282
172,ogrenci_yuksek_hacim,605,384,-221,95470.0,139709.0,26,4,0.049,1.463,-8.783,0.833,0.403
173,ogrenci_yuksek_hacim,621,423,-198,111576.0,151382.0,26,4,0.205,1.357,-18.113,0.667,0.401
174,stajyer_degisken_gelir,633,300,-333,93975.0,171283.0,11,2,0.312,1.823,-11.842,0.333,0.324
175,klasik_maasli,850,444,-406,153646.0,249693.0,6,1,1.0,1.625,-4.769,0.5,0.29
176,dusuk_hacim_riskli,505,300,-205,5806.0,12890.0,3,1,0.817,2.22,-24.952,1.0,0.287
177,dusuk_hacim_riskli,506,300,-206,6047.0,11961.0,4,1,0.145,1.978,-20.354,0.5,0.274
178,stajyer_degisken_gelir,635,389,-246,95315.0,128894.0,15,2,0.173,1.352,-13.958,1.0,0.335
179,ogrenci_yuksek_hacim,674,414,-260,164328.0,274132.0,28,4,0.274,1.668,-34.284,0.5,0.412
180,ogrenci_yuksek_hacim,617,434,-183,107136.0,156309.0,25,4,0.511,1.459,-20.223,0.667,0.398
181,dusuk_hacim_riskli,503,300,-203,3516.0,6721.0,2,1,0.0,1.912,-16.33,1.0,0.261
182,klasik_maasli,850,428,-422,169657.0,293864.0,6,1,1.0,1.732,-16.304,0.5,0.288
183,ogrenci_yuksek_hacim,646,460,-186,136960.0,186535.0,28,4,0.157,1.362,-8.438,1.0,0.42
184,ogrenci_yuksek_hacim,643,413,-230,133760.0,222660.0,28,4,0.254,1.665,-25.517,0.833,0.41
185,ogrenci_yuksek_hacim,640,508,-132,130209.0,169269.0,28,4,0.608,1.3,-11.686,1.0,0.415
186,ogrenci_yuksek_hacim,602,375,-227,92107.0,129738.0,26,4,0.249,1.409,-11.86,0.167,0.399
187,stajyer_degisken_gelir,644,344,-300,104299.0,174369.0,14,2,0.276,1.672,-15.676,0.667,0.333
188,klasik_maasli,849,443,-406,149301.0,268600.0,6,1,1.0,1.799,-13.519,1.0,0.295
189,stajyer_degisken_gelir,650,325,-325,110673.0,207582.0,15,2,0.244,1.876,-34.304,0.833,0.341
190,klasik_maasli,846,452,-394,146116.0,226385.0,6,1,1.0,1.549,-4.312,0.5,0.285
191,stajyer_degisken_gelir,647,393,-254,107646.0,160101.0,11,2,0.463,1.487,-9.55,0.667,0.324
192,klasik_maasli,822,473,-349,122512.0,167073.0,6,1,1.0,1.364,-3.18,0.833,0.295
193,klasik_maasli,814,463,-351,114705.0,151299.0,6,1,1.0,1.319,-13.75,0.667,0.283
194,stajyer_degisken_gelir,639,375,-264,99157.0,156664.0,12,2,0.423,1.58,-5.432,0.833,0.326
195,stajyer_degisken_gelir,611,327,-284,71240.0,130512.0,9,2,0.6,1.832,-10.63,0.833,0.303
196,dusuk_hacim_riskli,503,300,-203,3420.0,7470.0,2,1,0.0,2.184,-30.403,1.0,0.264
197,klasik_maasli,845,478,-367,145779.0,192307.0,6,1,1.0,1.319,-2.907,0.333,0.285
198,klasik_maasli,850,465,-385,183894.0,304000.0,6,1,1.0,1.653,-4.919,1.0,0.285
199,stajyer_degisken_gelir,623,300,-323,83361.0,153546.0,10,2,0.285,1.842,-1375.196,0.5,0.306
200,klasik_maasli,844,449,-395,144279.0,248293.0,6,1,1.0,1.721,-5.307,1.0,0.293
201,ogrenci_yuksek_hacim,626,450,-176,116788.0,170852.0,27,4,0.49,1.463,-25.811,0.833,0.426
202,dusuk_hacim_riskli,505,300,-205,5092.0,11764.0,4,1,0.545,2.31,-15.809,0.167,0.282
203,stajyer_degisken_gelir,633,324,-309,93764.0,157010.0,12,2,0.101,1.675,-16.736,0.833,0.328
204,dusuk_hacim_riskli,504,300,-204,4043.0,8457.0,2,1,0.0,2.092,-2.739,0.167,0.272
205,stajyer_degisken_gelir,652,339,-313,112483.0,205664.0,13,2,0.46,1.828,-15.545,0.5,0.335
206,klasik_maasli,850,482,-368,198238.0,305795.0,6,1,1.0,1.543,-4.25,1.0,0.287
207,klasik_maasli,850,476,-374,181564.0,276931.0,6,1,1.0,1.525,-21.461,0.833,0.29
208,klasik_maasli,810,409,-401,110410.0,170445.0,6,1,1.0,1.544,-4.28,0.333,0.285
209,klasik_maasli,843,482,-361,143895.0,216172.0,6,1,1.0,1.502,-13.133,1.0,0.293
210,stajyer_degisken_gelir,637,419,-218,97335.0,129972.0,10,2,0.429,1.335,-7.979,1.0,0.306
211,stajyer_degisken_gelir,648,331,-317,108787.0,199769.0,14,2,0.435,1.836,-16.248,0.5,0.337
212,klasik_maasli,823,468,-355,123792.0,160354.0,6,1,1.0,1.295,-2.768,0.5,0.29
213,dusuk_hacim_riskli,505,300,-205,5736.0,11379.0,3,1,0.576,1.984,-40.807,0.333,0.27
214,stajyer_degisken_gelir,623,311,-312,83629.0,146148.0,12,2,0.102,1.748,-35.202,1.0,0.339
215,dusuk_hacim_riskli,505,300,-205,5359.0,9889.0,3,1,0.34,1.845,-30.908,0.667,0.281
216,ogrenci_yuksek_hacim,668,428,-240,158170.0,230149.0,29,4,0.253,1.455,-10.355,0.167,0.43
217,klasik_maasli,850,430,-420,153714.0,256021.0,6,1,1.0,1.666,-4.987,0.333,0.302
218,ogrenci_yuksek_hacim,675,461,-214,165383.0,257990.0,30,4,0.328,1.56,-28.414,1.0,0.429
219,klasik_maasli,850,483,-367,150119.0,230467.0,6,1,1.0,1.535,-4.219,1.0,0.291
220,klasik_maasli,850,483,-367,153485.0,226510.0,6,1,1.0,1.476,-16.837,0.833,0.285
221,klasik_maasli,850,446,-404,200198.0,311879.0,6,1,1.0,1.558,-4.355,0.333,0.293
222,ogrenci_yuksek_hacim,619,486,-133,109190.0,127642.0,27,4,0.574,1.169,-6.689,0.667,0.411
223,ogrenci_yuksek_hacim,610,381,-229,100769.0,157704.0,27,4,0.287,1.565,-22.694,0.5,0.407
224,klasik_maasli,850,500,-350,179997.0,256106.0,6,1,1.0,1.423,-3.534,1.0,0.285
225,klasik_maasli,850,512,-338,165361.0,221706.0,6,1,1.0,1.341,-3.039,1.0,0.288
226,klasik_maasli,850,489,-361,209174.0,312300.0,6,1,1.0,1.493,-8.838,1.0,0.291
227,stajyer_degisken_gelir,633,372,-261,93598.0,144560.0,13,2,0.304,1.544,-14.082,1.0,0.345
228,klasik_maasli,814,445,-369,114862.0,165914.0,6,1,1.0,1.444,-3.683,0.667,0.285
229,stajyer_degisken_gelir,638,386,-252,98477.0,152818.0,11,2,0.413,1.552,-21.028,1.0,0.32
230,klasik_maasli,830,422,-408,130621.0,199981.0,6,1,1.0,1.531,-4.154,0.167,0.287
231,ogrenci_yuksek_hacim,633,393,-240,123633.0,204780.0,27,4,0.317,1.656,-37.519,0.5,0.402
232,klasik_maasli,850,470,-380,153085.0,222397.0,6,1,1.0,1.453,-3.703,0.5,0.287
233,klasik_maasli,850,500,-350,174571.0,248896.0,6,1,1.0,1.426,-9.995,1.0,0.297
234,ogrenci_yuksek_hacim,599,418,-181,89140.0,123582.0,29,4,0.335,1.386,-16.493,0.833,0.418
235,ogrenci_yuksek_hacim,621,433,-188,111918.0,145621.0,30,4,0.295,1.301,-8.649,0.5,0.417
236,stajyer_degisken_gelir,611,302,-309,71720.0,125070.0,9,2,0.382,1.744,-16.625,0.5,0.314
237,ogrenci_yuksek_hacim,628,444,-184,118249.0,138241.0,27,4,0.151,1.169,-9.062,0.5,0.4
238,klasik_maasli,850,456,-394,150022.0,223939.0,6,1,1.0,1.493,-3.953,0.333,0.285
239,stajyer_degisken_gelir,632,345,-287,92429.0,135417.0,11,2,0.265,1.465,-16.554,0.333,0.315
240,dusuk_hacim_riskli,508,300,-208,8623.0,18746.0,4,1,0.359,2.174,-16.887,1.0,0.282
241,klasik_maasli,850,465,-385,207542.0,343573.0,6,1,1.0,1.655,-18.224,1.0,0.291
242,klasik_maasli,850,395,-455,179683.0,320912.0,6,1,1.0,1.786,-26.019,0.0,0.291
243,klasik_maasli,838,438,-400,138662.0,213825.0,6,1,1.0,1.542,-4.221,0.333,0.305
244,stajyer_degisken_gelir,641,346,-295,101461.0,170070.0,14,2,0.329,1.676,-11.975,0.667,0.333
245,dusuk_hacim_riskli,503,300,-203,3603.0,7818.0,2,1,0.0,2.17,-52.367,1.0,0.264
246,klasik_maasli,823,421,-402,123201.0,211270.0,6,1,1.0,1.715,-5.281,0.833,0.295
247,dusuk_hacim_riskli,504,300,-204,4882.0,9859.0,3,1,0.559,2.019,-13.387,0.5,0.276
248,klasik_maasli,841,455,-386,141218.0,203412.0,6,1,1.0,1.44,-3.648,0.333,0.291
249,klasik_maasli,850,508,-342,154106.0,210635.0,6,1,1.0,1.367,-3.206,1.0,0.298
250,ogrenci_yuksek_hacim,618,452,-166,108142.0,138324.0,27,4,0.409,1.279,-8.406,0.667,0.402
251,ogrenci_yuksek_hacim,652,463,-189,142412.0,204916.0,29,4,0.243,1.439,-17.788,1.0,0.416
252,stajyer_degisken_gelir,635,380,-255,95475.0,142915.0,13,2,0.297,1.497,-9.198,1.0,0.328
253,ogrenci_yuksek_hacim,633,393,-240,123428.0,206430.0,28,4,0.084,1.672,-11.049,1.0,0.408
254,ogrenci_yuksek_hacim,611,449,-162,101537.0,143917.0,29,4,0.484,1.417,-17.181,1.0,0.418
255,stajyer_degisken_gelir,651,344,-307,111395.0,183439.0,13,2,0.166,1.647,-7.866,0.667,0.337
256,klasik_maasli,850,479,-371,173729.0,241656.0,6,1,1.0,1.391,-3.33,0.5,0.288
257,stajyer_degisken_gelir,617,304,-313,77835.0,151175.0,9,2,0.635,1.942,-14.088,0.5,0.307
258,klasik_maasli,819,424,-395,119039.0,178292.0,6,1,1.0,1.498,-3.992,0.333,0.29
259,stajyer_degisken_gelir,632,386,-246,92974.0,151556.0,12,2,0.577,1.63,-6.007,1.0,0.328
260,dusuk_hacim_riskli,505,300,-205,5070.0,11737.0,2,1,0.0,2.315,-129.745,1.0,0.263
261,ogrenci_yuksek_hacim,614,397,-217,104519.0,146268.0,28,4,0.239,1.399,-15.587,0.333,0.41
262,ogrenci_yuksek_hacim,628,430,-198,118049.0,151529.0,26,4,0.096,1.284,-9.587,0.667,0.394
263,stajyer_degisken_gelir,630,341,-289,90538.0,136361.0,12,2,0.224,1.506,-28.737,0.5,0.318
264,ogrenci_yuksek_hacim,639,440,-199,129014.0,182674.0,27,4,0.198,1.416,-10.84,0.833,0.411
265,dusuk_hacim_riskli,506,300,-206,6428.0,11972.0,3,1,0.78,1.862,-20.409,0.833,0.293
266,klasik_maasli,850,443,-407,190045.0,321486.0,6,1,1.0,1.692,-5.132,0.667,0.298
267,klasik_maasli,850,504,-346,200353.0,279761.0,6,1,1.0,1.396,-3.386,1.0,0.29
268,stajyer_degisken_gelir,635,345,-290,95042.0,175050.0,14,2,0.47,1.842,-14.596,1.0,0.33
269,stajyer_degisken_gelir,613,345,-268,73456.0,110516.0,9,2,0.434,1.505,-11.013,0.5,0.307
270,ogrenci_yuksek_hacim,632,425,-207,122684.0,191124.0,27,4,0.242,1.558,-13.64,1.0,0.402
271,ogrenci_yuksek_hacim,618,437,-181,108318.0,141898.0,29,4,0.217,1.31,-9.667,0.833,0.423
272,ogrenci_yuksek_hacim,594,407,-187,84388.0,113993.0,25,4,0.306,1.351,-10.277,0.667,0.391
273,stajyer_degisken_gelir,636,370,-266,96038.0,142955.0,14,2,0.343,1.489,-7.704,0.667,0.341
274,stajyer_degisken_gelir,639,365,-274,99956.0,156528.0,11,2,0.382,1.566,-21.784,0.667,0.313
275,stajyer_degisken_gelir,645,382,-263,105541.0,157666.0,15,2,0.372,1.494,-6.349,0.667,0.335
276,klasik_maasli,850,453,-397,179176.0,310209.0,6,1,1.0,1.731,-12.26,1.0,0.288
277,ogrenci_yuksek_hacim,655,439,-216,145696.0,218538.0,26,4,0.235,1.5,-12.4,0.667,0.413
278,ogrenci_yuksek_hacim,635,456,-179,125676.0,175395.0,26,4,0.28,1.396,-18.731,1.0,0.397
279,klasik_maasli,848,506,-342,148593.0,195279.0,6,1,1.0,1.314,-2.88,0.833,0.285
280,ogrenci_yuksek_hacim,642,415,-227,132229.0,218023.0,28,4,0.18,1.649,-11.225,1.0,0.406
281,stajyer_degisken_gelir,618,390,-228,78806.0,119293.0,9,2,0.593,1.514,-11.96,1.0,0.3
282,klasik_maasli,850,517,-333,206504.0,269992.0,6,1,1.0,1.307,-2.837,1.0,0.295
283,stajyer_degisken_gelir,602,331,-271,62541.0,105065.0,9,2,0.413,1.68,-26.365,1.0,0.309
284,dusuk_hacim_riskli,509,300,-209,9591.0,20003.0,4,1,0.0,2.086,-49.304,0.833,0.283
285,dusuk_hacim_riskli,506,300,-206,6555.0,13304.0,4,1,0.0,2.03,-40.667,0.833,0.272
286,klasik_maasli,850,460,-390,188964.0,287308.0,6,1,1.0,1.52,-21.702,0.5,0.285
287,ogrenci_yuksek_hacim,647,499,-148,137131.0,176244.0,28,4,0.511,1.285,-6.27,0.833,0.42
288,ogrenci_yuksek_hacim,631,401,-230,121383.0,204975.0,26,4,0.38,1.689,-36.093,0.667,0.399
289,klasik_maasli,833,430,-403,133389.0,222144.0,6,1,1.0,1.665,-5.013,0.667,0.29
290,klasik_maasli,850,461,-389,189463.0,286526.0,6,1,1.0,1.512,-4.058,0.5,0.288
291,dusuk_hacim_riskli,502,300,-202,2544.0,4882.0,1,1,0.0,1.919,-16.455,0.667,0.263
292,ogrenci_yuksek_hacim,638,408,-230,128629.0,186938.0,27,4,0.02,1.453,-14.236,0.667,0.404
293,klasik_maasli,850,464,-386,191808.0,288424.0,6,1,1.0,1.504,-1893.451,0.5,0.331
294,stajyer_degisken_gelir,654,338,-316,114273.0,196364.0,13,2,0.182,1.718,-28.615,0.667,0.331
295,ogrenci_yuksek_hacim,645,451,-194,135266.0,182045.0,27,4,0.227,1.346,-16.099,0.667,0.414
296,klasik_maasli,850,497,-353,170009.0,235434.0,6,1,1.0,1.385,-1281.863,0.833,0.295
297,ogrenci_yuksek_hacim,620,435,-185,110284.0,145888.0,28,4,0.111,1.323,-8.294,1.0,0.412
298,ogrenci_yuksek_hacim,643,467,-176,133129.0,183511.0,29,4,0.283,1.378,-17.342,1.0,0.423
299,ogrenci_yuksek_hacim,669,431,-238,159986.0,252677.0,30,4,0.224,1.579,-15.012,0.667,0.421
300,ogrenci_yuksek_hacim,628,420,-208,118345.0,169408.0,28,4,0.299,1.431,-13.611,0.5,0.41
301,stajyer_degisken_gelir,637,303,-334,97776.0,181791.0,10,2,0.474,1.859,-30.633,0.167,0.307
302,klasik_maasli,836,474,-362,136841.0,183131.0,6,1,1.0,1.338,-8.932,0.5,0.29
303,ogrenci_yuksek_hacim,619,378,-241,109230.0,175459.0,26,4,0.31,1.606,-15.53,0.333,0.425
304,ogrenci_yuksek_hacim,627,417,-210,117409.0,165549.0,29,4,0.407,1.41,-29.508,0.167,0.413
305,ogrenci_yuksek_hacim,643,420,-223,133779.0,213738.0,26,4,0.311,1.598,-13.208,0.667,0.399
306,klasik_maasli,850,442,-408,194370.0,351510.0,6,1,1.0,1.808,-47.954,1.0,0.285
307,stajyer_degisken_gelir,635,368,-267,95270.0,151958.0,11,2,0.415,1.595,-27.256,0.833,0.318
308,dusuk_hacim_riskli,501,300,-201,1706.0,3346.0,1,1,0.0,1.961,-31.176,0.333,0.256
309,dusuk_hacim_riskli,501,300,-201,1843.0,4010.0,1,1,0.0,2.176,-38.418,0.667,0.287
310,klasik_maasli,850,462,-388,170745.0,286769.0,6,1,1.0,1.68,-5.087,1.0,0.304
311,stajyer_degisken_gelir,624,336,-288,84422.0,140684.0,11,2,0.312,1.666,-28.659,0.833,0.311
312,klasik_maasli,850,442,-408,183390.0,280349.0,6,1,1.0,1.529,-4.166,0.167,0.288
313,klasik_maasli,841,449,-392,141507.0,225465.0,6,1,1.0,1.593,-4.571,0.667,0.288
314,ogrenci_yuksek_hacim,659,475,-184,149109.0,206414.0,30,4,0.384,1.384,-17.354,0.667,0.421
315,dusuk_hacim_riskli,503,300,-203,3166.0,7413.0,2,1,0.0,2.341,-41.059,0.333,0.28
316,ogrenci_yuksek_hacim,640,489,-151,130363.0,148521.0,26,4,0.427,1.139,-6.495,0.5,0.42
317,stajyer_degisken_gelir,607,301,-306,67549.0,130844.0,8,2,0.458,1.937,-24.187,1.0,0.301
318,dusuk_hacim_riskli,507,300,-207,7396.0,16075.0,4,1,0.499,2.173,-55.0,0.333,0.272
319,klasik_maasli,850,445,-405,200320.0,335884.0,6,1,1.0,1.677,-5.058,0.667,0.298
320,klasik_maasli,839,457,-382,139516.0,228859.0,6,1,1.0,1.64,-4.837,1.0,0.288
321,klasik_maasli,850,430,-420,155199.0,284835.0,6,1,1.0,1.835,-6.025,0.833,0.29
322,ogrenci_yuksek_hacim,618,484,-134,108989.0,137114.0,26,4,0.525,1.258,-16.768,1.0,0.394
323,ogrenci_yuksek_hacim,650,506,-144,140825.0,184256.0,30,4,0.488,1.308,-10.035,1.0,0.421
324,stajyer_degisken_gelir,616,355,-261,76266.0,124645.0,10,2,0.446,1.634,-10.298,1.0,0.311
325,ogrenci_yuksek_hacim,628,428,-200,118813.0,164968.0,27,4,0.134,1.388,-20.59,0.833,0.414
326,klasik_maasli,830,489,-341,130912.0,179367.0,6,1,1.0,1.37,-3.226,1.0,0.288
327,stajyer_degisken_gelir,631,328,-303,91472.0,169978.0,13,2,0.447,1.858,-24.44,0.833,0.328
328,stajyer_degisken_gelir,618,350,-268,78088.0,119618.0,9,2,0.477,1.532,-20.452,0.5,0.307
329,klasik_maasli,809,437,-372,109899.0,142122.0,6,1,1.0,1.293,-5.859,0.167,0.283
330,klasik_maasli,840,425,-415,140404.0,229997.0,6,1,1.0,1.638,-4.849,0.333,0.29
331,stajyer_degisken_gelir,638,326,-312,98694.0,180389.0,13,2,0.227,1.828,-7.061,1.0,0.324
332,dusuk_hacim_riskli,501,300,-201,1214.0,3001.0,1,1,0.0,2.472,-20.286,0.667,0.277
333,ogrenci_yuksek_hacim,612,443,-169,102820.0,135001.0,27,4,0.256,1.313,-17.066,1.0,0.414
334,klasik_maasli,850,511,-339,203610.0,251873.0,6,1,1.0,1.237,-2.432,0.667,0.285
335,klasik_maasli,850,466,-384,151233.0,240756.0,6,1,1.0,1.592,-4.538,0.833,0.288
336,klasik_maasli,850,455,-395,151665.0,235803.0,6,1,1.0,1.555,-4.313,0.5,0.287
337,dusuk_hacim_riskli,505,300,-205,5179.0,11931.0,4,1,0.305,2.304,-55.748,0.333,0.288
338,klasik_maasli,840,458,-382,140572.0,214895.0,6,1,1.0,1.529,-4.156,0.667,0.287
339,stajyer_degisken_gelir,641,403,-238,101772.0,151097.0,10,2,0.45,1.485,-13.997,1.0,0.314
340,stajyer_degisken_gelir,641,348,-293,101086.0,159582.0,14,2,0.374,1.579,-13.843,0.333,0.333
341,ogrenci_yuksek_hacim,649,482,-167,139483.0,167275.0,27,4,0.279,1.199,-6.501,0.667,0.4
342,klasik_maasli,850,478,-372,154260.0,241534.0,6,1,1.0,1.566,-12.632,1.0,0.288
343,klasik_maasli,818,471,-347,118217.0,165996.0,6,1,1.0,1.404,-24.592,1.0,0.29
344,ogrenci_yuksek_hacim,630,482,-148,120749.0,169735.0,28,4,0.599,1.406,-13.589,1.0,0.417
345,stajyer_degisken_gelir,637,404,-233,97681.0,133099.0,10,2,0.485,1.363,-3.698,0.667,0.309
346,stajyer_degisken_gelir,607,357,-250,67384.0,101073.0,9,2,0.358,1.5,-4.421,1.0,0.307
347,klasik_maasli,850,460,-390,204726.0,334486.0,6,1,1.0,1.634,-4.796,0.833,0.287
348,ogrenci_yuksek_hacim,623,464,-159,113468.0,149628.0,28,4,0.447,1.319,-6.815,0.833,0.415
349,klasik_maasli,850,464,-386,173098.0,278251.0,6,1,1.0,1.607,-4.66,0.833,0.29
350,dusuk_hacim_riskli,505,300,-205,5126.0,9545.0,3,1,0.918,1.862,-11.962,0.833,0.271
351,klasik_maasli,850,463,-387,199673.0,321372.0,6,1,1.0,1.609,-4.639,0.833,0.285
352,ogrenci_yuksek_hacim,652,466,-186,142150.0,189747.0,27,4,0.211,1.335,-8.925,0.833,0.4
353,dusuk_hacim_riskli,505,300,-205,5063.0,11959.0,3,1,0.788,2.362,-25.425,0.167,0.267
354,dusuk_hacim_riskli,505,300,-205,5221.0,11496.0,3,1,0.657,2.202,-48.81,0.167,0.274
355,stajyer_degisken_gelir,640,387,-253,100356.0,137284.0,15,2,0.123,1.368,-7.123,1.0,0.351
356,stajyer_degisken_gelir,655,307,-348,115067.0,198631.0,14,2,0.135,1.726,-33.346,0.167,0.331
357,ogrenci_yuksek_hacim,652,443,-209,142921.0,214304.0,29,4,0.214,1.499,-24.762,0.833,0.418
358,klasik_maasli,841,466,-375,141577.0,225849.0,6,1,1.0,1.595,-4.6,1.0,0.291
359,stajyer_degisken_gelir,615,330,-285,75825.0,108156.0,12,2,0.133,1.426,-4.701,0.5,0.328
360,klasik_maasli,850,454,-396,208302.0,324821.0,6,1,1.0,1.559,-4.363,0.5,0.285
361,klasik_maasli,850,515,-335,176353.0,233239.0,6,1,1.0,1.323,-2.926,1.0,0.29
362,stajyer_degisken_gelir,648,388,-260,108443.0,179360.0,11,2,0.487,1.654,-14.552,1.0,0.311
363,dusuk_hacim_riskli,505,300,-205,5401.0,11000.0,3,1,0.718,2.037,-34.897,0.667,0.277
364,ogrenci_yuksek_hacim,648,465,-183,138472.0,193501.0,29,4,0.241,1.397,-8.616,1.0,0.413
365,dusuk_hacim_riskli,504,300,-204,4536.0,9271.0,3,1,0.176,2.044,-29.753,0.667,0.273
366,dusuk_hacim_riskli,506,300,-206,6741.0,12862.0,3,1,0.3,1.908,-34.593,0.833,0.282
367,ogrenci_yuksek_hacim,650,423,-227,140690.0,232988.0,28,4,0.191,1.656,-38.232,1.0,0.42
368,stajyer_degisken_gelir,626,334,-292,86353.0,161088.0,10,2,0.49,1.865,-10.518,1.0,0.309
369,klasik_maasli,827,461,-366,127487.0,195352.0,6,1,1.0,1.532,-4.21,1.0,0.29
370,dusuk_hacim_riskli,504,300,-204,4343.0,9032.0,2,1,0.0,2.08,-45.9,0.5,0.278
371,stajyer_degisken_gelir,630,343,-287,90652.0,149698.0,12,2,0.374,1.651,-10.31,0.667,0.328
372,stajyer_degisken_gelir,620,326,-294,80273.0,130909.0,10,2,0.277,1.631,-7.688,0.667,0.312
373,klasik_maasli,827,453,-374,127900.0,203160.0,6,1,1.0,1.588,-4.518,1.0,0.287
374,ogrenci_yuksek_hacim,628,467,-161,118684.0,157912.0,28,4,0.444,1.331,-11.315,0.833,0.429
375,stajyer_degisken_gelir,637,334,-303,97642.0,163283.0,15,2,0.072,1.672,-37.185,1.0,0.339
376,ogrenci_yuksek_hacim,639,424,-215,129153.0,187268.0,29,4,0.0,1.45,-18.431,1.0,0.416
377,ogrenci_yuksek_hacim,652,481,-171,142015.0,179296.0,26,4,0.339,1.263,-5.595,0.667,0.403
378,klasik_maasli,850,479,-371,151604.0,202562.0,6,1,1.0,1.336,-3.013,0.333,0.291
379,klasik_maasli,850,458,-392,192618.0,294884.0,6,1,1.0,1.531,-4.175,0.5,0.285
380,klasik_maasli,850,443,-407,166612.0,300596.0,6,1,1.0,1.804,-5.826,1.0,0.29
381,klasik_maasli,825,446,-379,125326.0,195356.0,6,1,1.0,1.559,-21.864,0.833,0.285
382,klasik_maasli,850,483,-367,181582.0,248646.0,6,1,1.0,1.369,-3.205,0.5,0.298
383,ogrenci_yuksek_hacim,631,439,-192,121264.0,155799.0,27,4,0.151,1.285,-22.132,0.667,0.404
384,klasik_maasli,850,446,-404,176549.0,304452.0,6,1,1.0,1.724,-5.352,0.833,0.285
385,ogrenci_yuksek_hacim,612,360,-252,102915.0,170461.0,27,4,0.185,1.656,-16.057,0.5,0.402
386,dusuk_hacim_riskli,502,300,-202,2672.0,6578.0,1,1,0.0,2.462,-17.517,0.5,0.263
387,ogrenci_yuksek_hacim,641,483,-158,131816.0,165718.0,28,4,0.273,1.257,-19.025,1.0,0.42
388,klasik_maasli,835,464,-371,135240.0,188757.0,6,1,1.0,1.396,-3.37,0.5,0.295
389,stajyer_degisken_gelir,631,301,-330,91893.0,164018.0,13,2,0.134,1.785,-8.01,0.667,0.339
390,ogrenci_yuksek_hacim,675,517,-158,165190.0,200654.0,30,4,0.364,1.215,-5.013,1.0,0.431
391,klasik_maasli,850,504,-346,167715.0,224341.0,6,1,1.0,1.338,-3.025,0.833,0.285
392,dusuk_hacim_riskli,506,300,-206,6295.0,12601.0,3,1,0.139,2.002,-15.048,0.667,0.271
393,stajyer_degisken_gelir,650,308,-342,110629.0,217330.0,14,2,0.129,1.964,-9.327,1.0,0.333
394,ogrenci_yuksek_hacim,617,386,-231,107670.0,179643.0,30,4,0.241,1.668,-27.736,0.833,0.429
395,ogrenci_yuksek_hacim,640,445,-195,130397.0,194822.0,26,4,0.356,1.494,-10.319,0.833,0.397
396,dusuk_hacim_riskli,506,300,-206,6590.0,15171.0,3,1,0.514,2.302,-18.683,0.667,0.274
397,dusuk_hacim_riskli,508,300,-208,8823.0,18208.0,4,1,0.657,2.064,-26.285,0.333,0.304
398,klasik_maasli,850,483,-367,177250.0,251701.0,6,1,1.0,1.42,-3.523,0.667,0.285
399,klasik_maasli,850,502,-348,194951.0,263198.0,6,1,1.0,1.35,-3.105,0.833,0.29
400,stajyer_degisken_gelir,638,389,-249,98249.0,143253.0,11,2,0.471,1.458,-4.512,0.667,0.326
401,klasik_maasli,850,452,-398,190003.0,330830.0,6,1,1.0,1.741,-5.425,1.0,0.288
402,ogrenci_yuksek_hacim,608,446,-162,98296.0,118359.0,30,4,0.328,1.204,-4.069,0.667,0.419
403,ogrenci_yuksek_hacim,634,458,-176,124500.0,160280.0,25,4,0.321,1.287,-6.461,0.667,0.395
404,ogrenci_yuksek_hacim,682,420,-262,172605.0,279804.0,30,4,0.179,1.621,-30.305,0.667,0.424
405,klasik_maasli,850,412,-438,184272.0,338816.0,6,1,1.0,1.839,-34.941,0.5,0.288
406,ogrenci_yuksek_hacim,641,383,-258,131180.0,206102.0,28,4,0.0,1.571,-8.934,0.5,0.424
407,klasik_maasli,850,435,-415,158963.0,285734.0,6,1,1.0,1.797,-5.772,0.833,0.287
408,klasik_maasli,850,457,-393,193967.0,331408.0,6,1,1.0,1.709,-13.354,1.0,0.29
409,ogrenci_yuksek_hacim,616,390,-226,106056.0,166347.0,26,4,0.239,1.568,-12.194,0.667,0.408
410,stajyer_degisken_gelir,618,326,-292,78248.0,129436.0,9,2,0.503,1.654,-13.79,0.333,0.3
411,stajyer_degisken_gelir,636,329,-307,96234.0,162998.0,11,2,0.33,1.694,-5.711,0.5,0.318
412,ogrenci_yuksek_hacim,655,465,-190,145130.0,188117.0,30,4,0.106,1.296,-8.44,0.833,0.417
413,dusuk_hacim_riskli,501,300,-201,1257.0,2886.0,1,1,0.0,2.296,-17.523,1.0,0.26
414,klasik_maasli,850,470,-380,160596.0,251260.0,6,1,1.0,1.565,-4.373,0.833,0.291
415,klasik_maasli,850,501,-349,174993.0,247679.0,6,1,1.0,1.415,-21.297,1.0,0.291
416,klasik_maasli,818,408,-410,118452.0,209190.0,6,1,1.0,1.766,-5.583,0.833,0.288
417,klasik_maasli,850,478,-372,197698.0,310171.0,6,1,1.0,1.569,-11.416,1.0,0.287
418,klasik_maasli,850,474,-376,167781.0,268179.0,6,1,1.0,1.598,-17.486,1.0,0.298
419,klasik_maasli,850,482,-368,196208.0,269726.0,6,1,1.0,1.375,-3.241,0.5,0.295
420,klasik_maasli,850,479,-371,204624.0,296117.0,6,1,1.0,1.447,-3.682,0.667,0.285
421,ogrenci_yuksek_hacim,648,471,-177,138413.0,183969.0,27,4,0.453,1.329,-25.626,0.5,0.407
422,ogrenci_yuksek_hacim,623,419,-204,113175.0,183334.0,29,4,0.37,1.62,-12.417,1.0,0.413
423,ogrenci_yuksek_hacim,634,419,-215,124647.0,184797.0,27,4,0.303,1.483,-24.569,0.5,0.411
424,stajyer_degisken_gelir,631,361,-270,91533.0,147738.0,11,2,0.324,1.614,-5.079,1.0,0.324
425,dusuk_hacim_riskli,503,300,-203,3199.0,6853.0,2,1,0.0,2.142,-15.766,0.667,0.272
426,ogrenci_yuksek_hacim,621,443,-178,111848.0,161567.0,30,4,0.439,1.445,-13.558,0.833,0.424
427,stajyer_degisken_gelir,645,345,-300,105707.0,172288.0,11,2,0.383,1.63,-12.994,0.333,0.315
428,ogrenci_yuksek_hacim,605,401,-204,95109.0,151256.0,27,4,0.333,1.59,-13.768,1.0,0.402
429,ogrenci_yuksek_hacim,630,454,-176,120563.0,151295.0,26,4,0.094,1.255,-10.991,1.0,0.415
430,stajyer_degisken_gelir,628,301,-327,88571.0,163475.0,14,2,0.345,1.846,-41.535,0.5,0.339
431,ogrenci_yuksek_hacim,679,446,-233,169940.0,267339.0,29,4,0.363,1.573,-16.257,0.667,0.423
432,stajyer_degisken_gelir,628,370,-258,88020.0,132958.0,10,2,0.382,1.511,-6.613,0.833,0.311
433,ogrenci_yuksek_hacim,627,400,-227,117549.0,174555.0,27,4,0.098,1.485,-10.277,0.667,0.411
434,dusuk_hacim_riskli,504,300,-204,4637.0,9984.0,2,1,0.0,2.153,-42.836,0.5,0.283
435,ogrenci_yuksek_hacim,666,463,-203,156711.0,194550.0,30,4,0.033,1.241,-12.268,0.667,0.441
436,dusuk_hacim_riskli,506,300,-206,6551.0,13194.0,4,1,0.0,2.014,-4.465,0.667,0.278
437,ogrenci_yuksek_hacim,662,486,-176,152378.0,215851.0,30,4,0.446,1.417,-8.798,0.833,0.421
438,klasik_maasli,848,464,-384,148311.0,236744.0,6,1,1.0,1.596,-13.991,0.833,0.29
439,dusuk_hacim_riskli,502,300,-202,2322.0,5100.0,1,1,0.0,2.196,-15.842,1.0,0.257
440,klasik_maasli,836,467,-369,136197.0,211285.0,6,1,1.0,1.551,-4.302,1.0,0.298
441,dusuk_hacim_riskli,506,300,-206,6425.0,14561.0,4,1,0.115,2.266,-17.923,1.0,0.275
442,ogrenci_yuksek_hacim,646,457,-189,136692.0,198324.0,26,4,0.269,1.451,-30.096,1.0,0.397
443,klasik_maasli,811,479,-332,111666.0,139829.0,6,1,1.0,1.252,-2.522,0.833,0.29
444,klasik_maasli,845,482,-363,145549.0,220270.0,6,1,1.0,1.513,-4.102,1.0,0.29
445,stajyer_degisken_gelir,649,364,-285,109627.0,188734.0,12,2,0.338,1.722,-18.921,1.0,0.32
446,ogrenci_yuksek_hacim,649,422,-227,139979.0,217226.0,26,4,0.281,1.552,-9.69,0.5,0.394
447,dusuk_hacim_riskli,505,300,-205,5373.0,11484.0,4,1,0.674,2.137,-18.844,0.5,0.277
448,dusuk_hacim_riskli,503,300,-203,3080.0,5964.0,3,1,0.095,1.936,-14.595,0.5,0.279
449,ogrenci_yuksek_hacim,604,387,-217,94141.0,146873.0,26,4,0.154,1.56,-22.99,1.0,0.403
450,ogrenci_yuksek_hacim,621,407,-214,111224.0,160963.0,30,4,0.254,1.447,-9.75,0.5,0.419
451,klasik_maasli,850,396,-454,196213.0,382588.0,6,1,1.0,1.95,-6.674,0.5,0.287
452,dusuk_hacim_riskli,506,300,-206,6687.0,13337.0,3,1,0.122,1.994,-14.836,0.5,0.296
453,stajyer_degisken_gelir,638,380,-258,98740.0,152053.0,10,2,0.504,1.54,-28.735,0.667,0.307
454,dusuk_hacim_riskli,500,300,-200,866.0,2344.0,1,1,0.0,2.707,-28.0,0.5,0.261
455,stajyer_degisken_gelir,615,327,-288,75378.0,121059.0,9,2,0.552,1.606,-16.386,0.167,0.314
456,ogrenci_yuksek_hacim,624,475,-149,114147.0,126288.0,30,4,0.234,1.106,-2.288,0.833,0.419
457,stajyer_degisken_gelir,627,335,-292,87769.0,147866.0,13,2,0.284,1.685,-10.928,0.833,0.339
458,stajyer_degisken_gelir,629,300,-329,89422.0,166438.0,11,2,0.187,1.861,-16.978,0.5,0.32
459,klasik_maasli,850,463,-387,184979.0,308010.0,6,1,1.0,1.665,-5.009,1.0,0.288
460,stajyer_degisken_gelir,646,345,-301,106129.0,199757.0,11,2,0.427,1.882,-22.566,1.0,0.315
461,ogrenci_yuksek_hacim,606,405,-201,96903.0,149243.0,27,4,0.444,1.54,-24.921,0.667,0.402
462,klasik_maasli,825,432,-393,125499.0,214280.0,6,1,1.0,1.707,-1739.824,1.0,0.285
463,klasik_maasli,850,446,-404,165164.0,248375.0,6,1,1.0,1.504,-4.019,0.167,0.293
464,dusuk_hacim_riskli,504,300,-204,4867.0,11104.0,3,1,0.571,2.281,-18.741,0.667,0.286
465,stajyer_degisken_gelir,629,372,-257,89652.0,137743.0,12,2,0.335,1.536,-6.535,1.0,0.318
466,ogrenci_yuksek_hacim,632,456,-176,122741.0,150512.0,28,4,0.385,1.226,-12.09,0.333,0.41
467,stajyer_degisken_gelir,627,370,-257,87729.0,141381.0,9,2,0.454,1.612,-38.22,1.0,0.307
468,klasik_maasli,815,466,-349,115809.0,164489.0,6,1,1.0,1.42,-7.497,1.0,0.287
469,ogrenci_yuksek_hacim,632,475,-157,122342.0,150016.0,26,4,0.496,1.226,-8.37,0.5,0.399
470,stajyer_degisken_gelir,646,336,-310,106199.0,180584.0,15,2,0.304,1.7,-18.132,0.5,0.335
471,dusuk_hacim_riskli,502,300,-202,2845.0,5985.0,3,1,0.122,2.104,-15.026,0.333,0.291
472,klasik_maasli,822,398,-424,122061.0,213252.0,6,1,1.0,1.747,-5.472,0.5,0.288
473,dusuk_hacim_riskli,502,300,-202,2630.0,5532.0,1,1,0.0,2.103,-29.883,0.5,0.269
474,ogrenci_yuksek_hacim,631,396,-235,121573.0,213267.0,29,4,0.26,1.754,-46.125,1.0,0.413
475,ogrenci_yuksek_hacim,616,459,-157,106202.0,129455.0,27,4,0.244,1.219,-8.283,1.0,0.407
476,ogrenci_yuksek_hacim,649,470,-179,139584.0,195024.0,30,4,0.36,1.397,-21.435,0.833,0.426
477,klasik_maasli,850,444,-406,176147.0,287228.0,6,1,1.0,1.631,-14.235,0.5,0.293
478,stajyer_degisken_gelir,627,342,-285,87541.0,136667.0,12,2,0.095,1.561,-4.427,1.0,0.333
479,klasik_maasli,813,393,-420,113480.0,195914.0,6,1,1.0,1.726,-28.749,0.5,0.287
480,ogrenci_yuksek_hacim,612,388,-224,102441.0,155677.0,29,4,0.015,1.52,-22.827,1.0,0.423
481,klasik_maasli,839,427,-412,139124.0,224520.0,6,1,1.0,1.614,-4.7,0.333,0.29
482,stajyer_degisken_gelir,633,321,-312,93942.0,160311.0,12,2,0.282,1.706,-5.318,0.5,0.333
483,ogrenci_yuksek_hacim,633,453,-180,123737.0,179370.0,26,4,0.355,1.45,-12.047,1.0,0.394
484,stajyer_degisken_gelir,632,322,-310,92180.0,155491.0,13,2,0.28,1.687,-11.069,0.5,0.33
485,stajyer_degisken_gelir,622,355,-267,82782.0,117013.0,11,2,0.387,1.414,-8.957,0.333,0.318
486,stajyer_degisken_gelir,657,362,-295,117402.0,199324.0,12,2,0.199,1.698,-7.854,1.0,0.337
487,ogrenci_yuksek_hacim,619,435,-184,109158.0,136876.0,27,4,0.359,1.254,-6.906,0.333,0.409
488,klasik_maasli,814,463,-351,114505.0,157298.0,6,1,1.0,1.374,-9.936,0.833,0.283
489,ogrenci_yuksek_hacim,609,460,-149,99102.0,118696.0,26,4,0.375,1.198,-8.684,0.833,0.399
490,dusuk_hacim_riskli,503,300,-203,3718.0,7235.0,3,1,0.162,1.946,-14.229,0.833,0.267
491,dusuk_hacim_riskli,502,300,-202,2554.0,4648.0,1,1,0.0,1.82,-29.362,0.333,0.266
492,stajyer_degisken_gelir,634,385,-249,94858.0,140115.0,11,2,0.324,1.477,-14.223,1.0,0.316
493,klasik_maasli,850,496,-354,204799.0,297552.0,6,1,1.0,1.453,-32.413,1.0,0.307
494,klasik_maasli,850,463,-387,208235.0,301697.0,6,1,1.0,1.449,-3.691,0.333,0.291
495,ogrenci_yuksek_hacim,626,485,-141,116035.0,135984.0,30,4,0.33,1.172,-6.042,1.0,0.424
496,klasik_maasli,837,454,-383,137880.0,227206.0,6,1,1.0,1.648,-4.898,1.0,0.291
497,klasik_maasli,814,414,-400,114786.0,183239.0,6,1,1.0,1.596,-4.561,0.5,0.313
498,stajyer_degisken_gelir,629,346,-283,89040.0,152877.0,10,2,0.443,1.717,-13.43,0.833,0.316
499,stajyer_degisken_gelir,631,300,-331,91813.0,158194.0,13,2,0.052,1.723,-17.816,0.5,0.343
500,ogrenci_yuksek_hacim,655,490,-165,145953.0,184603.0,29,4,0.556,1.265,-14.159,0.333,0.418
